Código de infração;Infração;Responsável;Valor da multa;Órgão Autuador;Artigos do CTB;Pontos;Gravidade
54870;Estacionar ao lado de outro veiculo em fila dupla;Condutor;195.23;Municipal/Rodoviario;181 * XI;5.0;Grave
55173;Estacionar nos tuneis;Condutor;195.23;Municipal/Rodoviario;181 * XIV;5.0;Grave
55330;Estacionar aclive/declive nao freado e sem calco seguranca, PBT (peso) superior a 3500kg;Condutor;195.23;Municipal/Rodoviario;181 * XVI;5.0;Grave
55172;Estacionar nas pontes;Condutor;195.23;Municipal/Rodoviario;181 * XIV;5.0;Grave
56142;Parar na pista de rolamento das Rodovias;Condutor;195.23;Municipal/Rodoviario;182 * V;5.0;Grave
54527;Estacionar ao lado ou sobre gramado ou jardim publico;Condutor;195.23;Municipal/Rodoviario;181 * VIII;5.0;Grave
76090;Organizar a conduta prevista no caput do art.253-A;PF ou PJ;17608.2;Municipal/Rodoviario;253-A, § 1º;7.0;Gravissima60X
54524;Estacionar nas ilhas ou refugios;Condutor;195.23;Municipal/Rodoviario;181 * VIII;5.0;Grave
54523;Estacionar sobre ciclovia ou ciclofaixa;Condutor;195.23;Municipal/Rodoviario;181 * VIII;5.0;Grave
54010;Estacionar afastado da guia da calcada (meio-fio) a mais de 1m;Condutor;195.23;Municipal/Rodoviario;181, III;5.0;Grave
54525;Estacionar ao lado ou sobre canteiro central/divisores de pista de rolamento;Condutor;195.23;Municipal/Rodoviario;181 * VIII;5.0;Grave
56141;Parar na pista de rolamento das estradas;Condutor;195.23;Municipal/Rodoviario;182 * V;5.0;Grave
53550;Fazer ou deixar que se faca reparo em veiculo, em Rodoviarioia e via de transito rapido;Condutor;195.23;Municipal/Rodoviario;179 * I;5.0;Grave
54526;Estacionar ao lado ou sobre marcas de canalizacao;Condutor;195.23;Municipal/Rodoviario;181 * VIII;5.0;Grave
54522;Estacionar sobre faixa destinada a pedestre;Condutor;195.23;Municipal/Rodoviario;181 * VIII;5.0;Grave
54950;Estacionar na area de cruzamento de vias;Condutor;195.23;Municipal/Rodoviario;181 * XII;5.0;Grave
55680;Estacionar local/horario de estacionamento e parada proibidos pela sinalizacao;Condutor;195.23;Municipal/Rodoviario;181 * XIX;5.0;Grave
55171;Estacionar nos viadutos;Condutor;195.23;Municipal/Rodoviario;181 * XIV;5.0;Grave
55414;Estacionar em desacordo com a regulamentacao - vaga de carga/descarga;Condutor;195.23;Municipal/Rodoviario;181 * XVII;5.0;Grave
54440;Estacionar nos acostamentos;Condutor;88.38;Municipal/Rodoviario;181 * VII;3.0;Leve
55411;Estacionar em desacordo com a regulamentacao especificada pela sinalizacao;Condutor;195.23;Municipal/Rodoviario;181 * XVII;5.0;Grave
55412;Estacionar em desacordo com a regulamentacao - estacionamento rotativo;Condutor;195.23;Municipal/Rodoviario;181 * XVII;5.0;Grave
55413;Estacionar em desacordo com a regulamentacao - ponto ou vaga de taxi;Condutor;195.23;Municipal/Rodoviario;181 * XVII;5.0;Grave
52070;Dirigir sem atencao ou sem os cuidados indispensaveis a seguranca;Condutor;88.38;Estadual/Municipal/Rodoviario;169;3.0;Leve
53630;Fazer ou deixar que se faca reparo em veiculos nas vias (quando nao Rodoviarioia/transito rapido);Condutor;88.38;Municipal/Rodoviario;179, II;3.0;Leve
53980;Estacionar afastado da guia da calcada (meio-fio) de 50cm a 1m;Condutor;88.38;Municipal/Rodoviario;181 * II;3.0;Leve
55417;Estacionar em desacordo com a regulamentacao - vaga de curta duracao;Condutor;195.23;Municipal/Rodoviario;181 * XVII;5.0;Grave
55840;Parar afastado da guia da calcada (meio-fio) de 50cm a 1m;Condutor;88.38;Municipal/Rodoviario;182 * II;3.0;Leve
56060;Parar em desacordo com as posicoes estabelecidas no CTB;Condutor;88.38;Municipal/Rodoviario;182 * IV;3.0;Leve
56221;Parar no passeio;Condutor;88.38;Municipal/Rodoviario;182 * VI;3.0;Leve
56222;Parar sobre faixa destinada a pedestres;Condutor;88.38;Municipal/Rodoviario;182 * VI;3.0;Leve
56223;Parar nas ilhas ou refugios;Condutor;88.38;Municipal/Rodoviario;182 * VI;3.0;Leve
56224;Parar nos canteiros centrais/divisores de pista de rolamento;Condutor;88.38;Municipal/Rodoviario;182 * VI;3.0;Leve
56225;Parar nas marcas de canalizacao;Condutor;88.38;Municipal/Rodoviario;182 * VI;3.0;Leve
56810;Transitar na faixa ou pista da direita regulamentada como de circulacao exclusiva para determinado tipo de veiculo;Condutor;88.38;Municipal/Rodoviario;184 * I;3.0;Leve
59830;Ultrapassar veiculo em movimento que integre cortejo/desfile/formacao militar;Condutor;83.06;Municipal/Rodoviario;205;3.0;Leve
64400;Fazer uso do facho de luz alta dos farois em vias providas de iluminacao publica;Condutor;88.38;Municipal/Rodoviario;224;3.0;Leve
64830;Usar buzina/buzinar que nao a de toque breve como advertencia a pedestre ou condutores;Condutor;88.38;Municipal/Rodoviario;227 * I;3.0;Leve
64910;Usar buzina/buzinar prolongada e sucessivamente a qualquer pretexto;Condutor;88.38;Municipal/Rodoviario;227 * II;3.0;Leve
65050;Usar buzina/buzinar entre as vinte e duas e as seis horas;Condutor;88.38;Municipal/Rodoviario;227 * III;3.0;Leve
65130;Usar buzina/buzinar em locais e horarios proibidos pela sinalizacao;Condutor;88.38;Municipal/Rodoviario;227 * IV;3.0;Leve
65210;Usar buzina/buzinar em desacordo com os padroes e frequencias estabelecidas pelo Contran;Proprietario;88.38;Municipal/Rodoviario;227 * V;3.0;Leve
69120;Conduzir veiculo sem os documentos de porte obrigatorio referidos no CTB;Condutor;88.38;Estadual/Rodoviario;232;3.0;Leve
70051;Deixar de atualizar o cadastro de registro do veiculo;Proprietario;88.38;Estadual;241;3.0;Leve
70052;Deixar de atualizar o cadastro de habilitacao do condutor;Condutor;88.38;Estadual;241;3.0;Leve
73901;E proibido ao pedestre cruzar pista de rolamento de viaduto exceto onde permitido;Pedestre;44.19;Municipal/Rodoviario;254 * II;3.0;Leve50%
73902;E proibido ao pedestre cruzar pista de rolamento de ponte exceto onde permitido;Pedestre;44.19;Municipal/Rodoviario;254 * II;3.0;Leve50%
73903;E proibido ao pedestre cruzar pista de rolamento de tuneis exceto onde permitido;Pedestre;44.19;Municipal/Rodoviario;254 * II;3.0;Leve50%
74040;E proibido ao pedestre atravessar via area cruzamento exceto onde permitido pela sinalizacao;Pedestre;44.19;Municipal/Rodoviario;254 * III;3.0;Leve50%
74120;E proibido pedestre utilizar via em agrupamento que perturbe transito/pratica esporte/desfile;Pedestre;44.19;Municipal/Rodoviario;254 * IV;3.0;Leve50%
74201;E proibido ao pedestre andar fora da faixa propria;Pedestre;44.19;Municipal/Rodoviario;254 * V;3.0;Leve50%
74202;E proibido ao pedestre andar fora da passarela;Pedestre;44.19;Municipal/Rodoviario;254 * V;3.0;Leve50%
74203;E proibido ao pedestre andar fora da passagem aerea;Pedestre;44.19;Municipal/Rodoviario;254 * V;3.0;Leve50%
74204;E proibido ao pedestre andar fora da passagem subterranea;Pedestre;44.19;Municipal/Rodoviario;254 * V;3.0;Leve50%
74390;E proibido ao pedestre desobedecer a sinalizacao de transito especifica;Pedestre;44.19;Municipal/Rodoviario;254 * VI;3.0;Leve50%
52231;Usar veiculo para arremessar sobre os pedestres agua ou detritos;Condutor;130.16;Municipal/Rodoviario;171;4.0;Media
52232;Usar veiculo para arremessar sobre os veiculos agua ou detritos;Condutor;130.16;Municipal/Rodoviario;171;4.0;Media
51851;Deixar o condutor de usar o cinto seguranca;Condutor;195.23;Estadual/Municipal/Rodoviario;167;5.0;Grave
52312;Abandonar na via objetos ou substancias;Condutor;130.16;Municipal/Rodoviario;172;4.0;Media
51852;Deixar o passageiro de usar o cinto seguranca;Condutor;195.23;Estadual/Municipal/Rodoviario;167;5.0;Grave
53470;Deixar o condutor envolvido em acidente sem vitima, de remover o veiculo do local;Condutor;130.16;Municipal/Rodoviario;178;4.0;Media
53710;Ter seu veiculo imobilizado na via por falta de combustivel;Condutor;130.16;Municipal/Rodoviario;180;4.0;Media
53800;Estacionar nas esquinas e a menos de 5m do alinhamento da via transversal;Condutor;130.16;Municipal/Rodoviario;181 * I;4.0;Media
54100;Estacionar em desacordo com as posicoes estabelecidas no CTB;Condutor;130.16;Municipal/Rodoviario;181 * IV;4.0;Media
54360;Estacionar junto/sobre hidrante de incendio, registro de agua/tampa de poco visita galerias subterraneas;Condutor;130.16;Municipal/Rodoviario;181, VI;4.0;Media
54600;Estacionar em guia de calcada rebaixada destinada a entrada/saida de veiculos;Condutor;130.16;Municipal/Rodoviario;181 * IX;4.0;Media
54790;Estacionar impedindo a movimentacao de outro veiculo;Condutor;130.16;Municipal/Rodoviario;181 * X;4.0;Media
53390;Deixar o condutor de prestar socorro a vitima de acidente de transito quando solicitado pela autoridade e seus agentes;Condutor;195.23;Estadual/Municipal/Rodoviario;177;5.0;Grave
54521;Estacionar no passeio;Condutor;195.23;Municipal/Rodoviario;181 * VIII;5.0;Grave
55500;Estacionar em local/horario proibido especificamente pela sinalizacao;Condutor;130.16;Municipal/Rodoviario;181 * XVIII;4.0;Media
55760;Parar nas esquinas e a menos 5m do bordo do alinhamento da via transversal;Condutor;130.16;Municipal/Rodoviario;182 * I;4.0;Media
55920;Parar afastado da guia da calcada (meio-fio) a mais de 1m;Condutor;130.16;Municipal/Rodoviario;182 * III;4.0;Media
56300;Parar na area de cruzamento de vias;Condutor;130.16;Municipal/Rodoviario;182 * VII;4.0;Media
56491;Parar nos viadutos;Condutor;130.16;Municipal/Rodoviario;182 * VIII;4.0;Media
56492;Parar nas pontes;Condutor;130.16;Municipal/Rodoviario;182 * VIII;4.0;Media
56493;Parar nos tuneis;Condutor;130.16;Municipal/Rodoviario;182 * VIII;4.0;Media
56570;Parar na contramao de direcao;Condutor;130.16;Municipal/Rodoviario;182 * IX;4.0;Media
56650;Parar em local/horario proibidos especificamente pela sinalizacao;Condutor;130.16;Municipal/Rodoviario;182 * X;4.0;Media
56731;Parar sobre faixa de pedestres na mudanca de sinal luminoso;Condutor;130.16;Municipal/Rodoviario;183;4.0;Media
56732;Parar sobre faixa de pedestres na mudanca de sinal luminoso (fiscalizacao eletronica);Condutor;130.16;Municipal/Rodoviario;183;4.0;Media
57030;Deixar de conservar o veiculo na faixa a ele destinada pela sinalizacao de regulamentacao;Condutor;130.16;Municipal/Rodoviario;185 * I;4.0;Media
57110;Deixar de conservar nas faixas da direita o veiculo lento e de maior porte;Condutor;130.16;Municipal/Rodoviario;185 * II;4.0;Media
57461;Transitar em local/horario nao permitido pela regulamentacao estabelecida pela autoridade;Condutor;130.16;Municipal/Rodoviario;187 * I;4.0;Media
57462;Transitar em local/horario nao permitido pela regulamentacao - rodizio;Condutor;130.16;Municipal/Rodoviario;187 * I;4.0;Media
57463;Transitar em local/horario nao permitido pela regulamentacao - caminhao;Condutor;130.16;Municipal/Rodoviario;187 * I;4.0;Media
57620;Transitar ao lado de outro veiculo, interrompendo ou perturbando o transito;Condutor;130.16;Municipal/Rodoviario;188;4.0;Media
58511;Deixar de deslocar com antecedencia veiculo para faixa mais a esquerda quando for manobrar;Condutor;130.16;Municipal/Rodoviario;197;4.0;Media
58512;Deixar de deslocar com antecedencia veiculo para faixa mais a direita quando for manobrar;Condutor;130.16;Municipal/Rodoviario;197;4.0;Media
58600;Deixar de dar passagem pela esquerda quando solicitado;Condutor;130.16;Municipal/Rodoviario;198;4.0;Media
58780;Ultrapassar pela direita, salvo quando veiculo da frente der sinal para entrar esquerda;Condutor;130.16;Municipal/Rodoviario;199;4.0;Media
58940;Deixar de guardar a distancia lateral de 1,50m ao passar/ultrapassar bicicleta;Condutor;130.16;Municipal/Rodoviario;201;4.0;Media
61900;Entrar/sair area lindeira sem precaucao com a seguranca de pedestres e veiculos;Condutor;130.16;Municipal/Rodoviario;216;4.0;Media
62030;Entrar/sair de fila de veiculos estacionados sem dar preferencia a pedestres/veiculos;Condutor;130.16;Municipal/Rodoviario;217;4.0;Media
62540;Transitar em velocidade inferior a metade da maxima da via, salvo faixa direita;Condutor;130.16;Municipal/Rodoviario;219;4.0;Media
64080;Portar no veiculo placas de identificacao em desacordo com especificacao/modelo Contran;Proprietario;130.16;Estadual/Rodoviario;221;4.0;Media
64240;Deixar de manter ligado em emergencia o sistema iluminacao vermelha intermitente ainda que parado;Condutor;130.16;Municipal/Rodoviario;222;4.0;Media
64750;Deixar de retirar qualquer objeto utilizado para sinalizacao temporaria da via;Condutor;130.16;Municipal/Rodoviario;226;4.0;Media
65480;Usar no veiculo alarme/aparelho produz som perturbe sossego publico desacordo norma Contran;Condutor;130.16;Estadual/Rodoviario;229;4.0;Media
67500;Conduzir o veiculo de carga com falta inscricao da tara e demais previstas no CTB;Proprietario;130.16;Estadual/Rodoviario;230 * XXI;4.0;Media
68580;Transitar com o veiculo com lotacao excedente;Condutor;293.47;Estadual/Municipal/Rodoviario;231 * VII;7.0;Gravissima
68661;Transitar efetuando transporte remunerado de pessoas quando nao licenciado para esse fim;Proprietario;293.47;Estadual/Municipal/Rodoviario;231 * VIII;7.0;Gravissima
68662;Transitar efetuando transporte remunerado de bens quando nao licenciado para esse fim;Proprietario;293.47;Estadual/Municipal/Rodoviario;231 * VIII;7.0;Gravissima
68742;Transitar com o veiculo desengrenado em declive;Condutor;130.16;Municipal/Rodoviario;231 * IX;4.0;Media
69550;Rebocar outro veiculo com cabo flexivel ou corda;Condutor;130.16;Municipal/Rodoviario;236;4.0;Media
70562;Conduzir ciclo fazendo malabarismo ou equilibrando-se em uma roda;Condutor;293.47;Municipal/Rodoviario;244 * III c/c §1º;7.0;Gravissima
70992;Conduzir ciclo sem segurar o guidom com ambas as maos;Condutor;130.16;Municipal/Rodoviario;244 * VII c/c §1º;4.0;Media
71022;Conduzir ciclo transportando carga incompativel;Condutor;130.16;Municipal/Rodoviario;244 * VIII c/c §1º;4.0;Media
71100;Conduzir ciclo transportando passageiro fora da garupa/assento a ele destinado;Condutor;130.16;Municipal/Rodoviario;244 * §1º * a;4.0;Media
71291;Conduzir ciclo via de transito rapido ou Rodoviarioia salvo se houver acostamento/faixa propria;Condutor;130.16;Municipal/Rodoviario;244 * §1º * b;4.0;Media
71292;Conduzir ciclomotor em via de transito rapido;Condutor;130.16;Municipal/Rodoviario;244 * §2º;4.0;Media
71293;Conduzir ciclomotor em Rodoviarioia salvo se houver acostamento ou faixa propria;Condutor;130.16;Municipal/Rodoviario;244 * §2º;4.0;Media
71370;Conduzir ciclo transportando crianca sem condicao de cuidar propria seguranca;Condutor;130.16;Municipal/Rodoviario;244 * §1º * c;4.0;Media
72001;Deixar de conduzir pelo bordo pista em fila unica veiculo tracao/propulsao humana;Condutor;130.16;Municipal/Rodoviario;247;4.0;Media
72002;Deixar de conduzir pelo bordo da pista em fila unica veiculo de tracao animal;Condutor;130.16;Municipal/Rodoviario;247;4.0;Media
72261;Deixar de manter acesas a noite as luzes posicao qdo o veiculo estiver parado;Condutor;130.16;Municipal/Rodoviario;249;4.0;Media
72340;Em movimento, deixar de manter acesa a luz baixa durante a noite;Condutor;130.16;Municipal/Rodoviario;250 * I * a;4.0;Media
72500;Em movimento, deixar de manter acesa luz baixa veiculo transporte coletivo faixa/pista exclusiva;Condutor;130.16;Municipal/Rodoviario;250 * I * c;4.0;Media
72690;Em movimento de dia, deixar de manter acesa luz baixa de motocicletas/motonetas/ciclomotores;Condutor;130.16;Municipal/Rodoviario;250 * I * d;4.0;Media
72850;Em movimento, deixar de manter a placa traseira iluminada a noite;Condutor;130.16;Estadual/Rodoviario;250 * III;4.0;Media
72930;Utilizar o pisca-alerta, exceto em imobilizacoes ou situacoes de emergencia;Condutor;130.16;Municipal/Rodoviario;251 * I;4.0;Media
73070;Utilizar luz alta e baixa intermitente, exceto quando permitido pelo CTB;Condutor;130.16;Municipal/Rodoviario;251 * II;4.0;Media
73150;Dirigir o veiculo com o braco do lado de fora;Condutor;130.16;Municipal/Rodoviario;252 * I;4.0;Media
73231;Dirigir o veiculo transportando pessoas a sua esquerda ou entre os bracos e pernas;Condutor;130.16;Estadual/Rodoviario;252 * II;4.0;Media
73233;Dirigir o veiculo transportando volume a sua esquerda ou entre os bracos e pernas;Condutor;130.16;Estadual/Rodoviario;252 * II;4.0;Media
73310;Dirigir o veiculo com incapacidade fisica ou mental temporaria;Condutor;130.16;Estadual/Rodoviario;252 * III;4.0;Media
73400;Dirigir o veiculo usando calcado que nao se firme nos pes/comprometa utilizacao pedais (chinelo);Condutor;130.16;Estadual/Rodoviario;252 * IV;4.0;Media
73580;Dirigir o veiculo com apenas uma das maos, exceto quando permitido pelo CTB;Condutor;130.16;Estadual/Rodoviario;252 * V;4.0;Media
73661;Dirigir o veiculo utilizando-se de fones nos ouvidos conectados a aparelhagem sonora;Condutor;130.16;Estadual/Municipal/Rodoviario;252 * VI;4.0;Media
73662;Dirigir veiculo utilizando-se de telefone celular;Condutor;130.16;Estadual/Municipal/Rodoviario;252 * VI;4.0;Media
74471;Conduzir bicicleta em passeios onde nao seja permitida a circulacao desta;Condutor;130.16;Municipal/Rodoviario;255;4.0;Media
74472;Conduzir bicicleta de forma agressiva;Condutor;130.16;Municipal/Rodoviario;255;4.0;Media
74550;Transitar em velocidade superior a maxima permitida em ate 20%;Condutor;130.16;Municipal/Rodoviario;218 * I;4.0;Media
52311;Atirar/jogar do veiculo objetos ou substancias;Condutor;130.16;Municipal/Rodoviario;172;4.0;Media
51691;Dirigir sob a influencia de alcool;Condutor;2934.7;Estadual/Rodoviario;165;7.0;Gravissima10X
52400;Disputar corrida (racha/raxa);Condutor;2934.7;Estadual/Municipal/Rodoviario;173;7.0;Gravissima10X
52581;Promover na via competicao esportiva sem permissao;PF ou PJ;2934.7;Municipal/Rodoviario;174;7.0;Gravissima10X
52582;Promover na via eventos organizados sem permissao;PF ou PJ;2934.7;Municipal/Rodoviario;174;7.0;Gravissima10X
52583;Promover na via exibicao e demonstracao de pericia em manobra de veiculo sem permissao;PF ou PJ;2934.7;Municipal/Rodoviario;174;7.0;Gravissima10X
52661;Participar na via como condutor em competicao sem permissao;Condutor;2934.7;Municipal/Rodoviario;174;7.0;Gravissima10X
52662;Participar na via como condutor em eventos organizados sem permissao;Condutor;2934.7;Municipal/Rodoviario;174;7.0;Gravissima10X
52663;Participar como condutor de exibicao/demonstracao de pericia em manobra de veiculo sem permissao;Condutor;2934.7;Municipal/Rodoviario;174;7.0;Gravissima10X
52741;Utilizar-se de veiculo para demonstrar ou exibir manobra perigosa, mediante arrancada brusca;Condutor;2934.7;Estadual/Rodoviario;175;7.0;Gravissima10X
57970;Forcar passagem entre veiculos que, transitando em sentidos opostos, estejam na iminencia de passar um pelo outro ao realizar operacao de ultrapassagem;Condutor;2934.7;Municipal/Rodoviario;191;7.0;Gravissima10X
75790;Recusar-se a ser submetido a teste, exame clinico, pericia ou outro procedimento que permita certificar influencia de alcool ou outra substancia psicoativa, na forma estabelecida pelo art. 277;Condutor;2934.7;Estadual/Rodoviario;165-A;7.0;Gravissima10X
56143;Parar na pista de rolamento das vias de transito rapido;Condutor;195.23;Municipal/Rodoviario;182 * V;5.0;Grave
50100;Dirigir veiculo sem possuir CNH/PPD/ACC (inabilitado);Condutor;880.41;Estadual/Rodoviario;162 * I;7.0;Gravissima3X
56144;Parar na pista de rolamento das demais vias dotadas de acostamento;Condutor;195.23;Municipal/Rodoviario;182 * V;5.0;Grave
50371;Dirigir veiculo com CNH de categoria diferente da do veiculo;Condutor;586.94;Estadual/Rodoviario;162 * III;7.0;Gravissima2X
56900;Transitar na faixa/pista da esquerda regulamentada circulacao exclusiva determinado veiculo;Condutor;195.23;Municipal/Rodoviario;184 * II;5.0;Grave
57200;Transitar pela contramao de direcao em via com duplo sentido de circulacao;Condutor;195.23;Municipal/Rodoviario;186 * I;5.0;Grave
57890;Seguir veiculo em servico de urgencia devidamente identificado por alarme sonoro/iluminacao vermelha;Condutor;195.23;Municipal/Rodoviario;190;5.0;Grave
58000;Deixar de guardar distancia de seguranca lateral/frontal entre seu veiculo e demais e ao bordo pista;Condutor;195.23;Municipal/Rodoviario;192;5.0;Grave
50372;Dirigir veiculo com PPD de categoria diferente da do veiculo;Condutor;586.94;Estadual/Rodoviario;162 * III;7.0;Gravissima2X
50610;Entregar veiculo a pessoa sem CNH/PPD/ACC;Proprietario;880.41;Estadual/Rodoviario;163 c/c 162 * I;7.0;Gravissima3X
58270;Transitar em marcha re, salvo na distancia necessaria a pequenas manobras;Condutor;195.23;Municipal/Rodoviario;194;5.0;Grave
50881;Entregar veiculo a pessoa com CNH de categoria diferente da do veiculo;Proprietario;586.94;Estadual/Rodoviario;163 c/c 162 * III;7.0;Gravissima2X
58350;Desobedecer as ordens emanadas da autorid compet de transito ou de seus agentes;Condutor;195.23;Estadual/Municipal/Rodoviario;195;5.0;Grave
50882;Entregar veiculo a pessoa com PPD de categoria diferente da do veiculo;Proprietario;586.94;Estadual/Rodoviario;163 c/c 162 * III;7.0;Gravissima2X
58431;Deixar de indicar com antecedencia, mediante gesto de braco/luz indicadora, inicio da marcha;Condutor;195.23;Estadual/Municipal/Rodoviario;196;5.0;Grave
51180;Permitir posse/conducao do veiculo a pessoa sem CNH/PPD/ACC;Proprietario;880.41;Estadual/Rodoviario;164 c/c 162 * I;7.0;Gravissima3X
51341;Permitir posse/conducao veiculo a pessoa com CNH categoria diferente da do veiculo;Proprietario;586.94;Estadual/Rodoviario;164 c/c 162 * III;7.0;Gravissima2X
51342;Permitir posse/conducao veiculo a pessoa com PPD categoria diferente da do veiculo;Proprietario;586.94;Estadual/Rodoviario;164 c/c 162 * III;7.0;Gravissima2X
58191;Transitar com o veiculo em calcadas, passeios;Condutor;880.41;Municipal/Rodoviario;193;7.0;Gravissima3X
58192;Transitar com o veiculo em ciclovias, ciclofaixas;Condutor;880.41;Municipal/Rodoviario;193;7.0;Gravissima3X
58432;Deixar de indicar com antecedencia, mediante gesto de braco/luz indicadora, manobra de parar;Condutor;195.23;Estadual/Municipal/Rodoviario;196;5.0;Grave
58193;Transitar com o veiculo em ajardinamentos, gramados, jardins publicos;Condutor;880.41;Municipal/Rodoviario;193;7.0;Gravissima3X
58194;Transitar com o veiculo em canteiros centrais/divisores de pista de rolamento;Condutor;880.41;Municipal/Rodoviario;193;7.0;Gravissima3X
58433;Deixar de indicar com antecedencia, mediante gesto de braco/luz indicadora, mudanca de direcao;Condutor;195.23;Estadual/Municipal/Rodoviario;196;5.0;Grave
58195;Transitar com o veiculo em ilhas, refugios;Condutor;880.41;Municipal/Rodoviario;193;7.0;Gravissima3X
58434;Deixar de indicar com antecedencia, mediante gesto de braco/luz indicadora, mudanca de faixa;Condutor;195.23;Estadual/Municipal/Rodoviario;196;5.0;Grave
59750;Deixar de parar no acostamento a direita, para cruzar pista ou entrar a esquerda;Condutor;195.23;Municipal/Rodoviario;204;5.0;Grave
60411;Executar operacao de conversao a direita em local proibido pela sinalizacao;Condutor;195.23;Municipal/Rodoviario;207;5.0;Grave
60412;Executar operacao de conversao a esquerda em local proibido pela sinalizacao;Condutor;195.23;Municipal/Rodoviario;207;5.0;Grave
60681;Transpor bloqueio viario com ou sem sinalizacao ou dispositivos auxiliares;Condutor;195.23;Estadual/Municipal/Rodoviario;209;5.0;Grave
60682;Deixar de adentrar as areas destinadas a pesagem de veiculos;Condutor;195.23;Estadual/Municipal/Rodoviario;209;5.0;Grave
60841;Ultrapassar veiculos motorizados em fila, parados em razao de sinal luminoso;Condutor;195.23;Estadual/Municipal/Rodoviario;211;5.0;Grave
58196;Transitar com o veiculo em marcas de canalizacao;Condutor;880.41;Municipal/Rodoviario;193;7.0;Gravissima3X
58197;Transitar com o veiculo em acostamentos;Condutor;880.41;Municipal/Rodoviario;193;7.0;Gravissima3X
74710;Transitar em velocidade superior a maxima permitida em mais de 50%;Condutor;880.41;Municipal/Rodoviario;218 * III;7.0;Gravissima3X
50291;Dirigir veiculo com CNH/PPD/ACC cassada;Condutor;880.41;Estadual/Rodoviario;162 * II;7.0;Gravissima3X
50292;Dirigir veiculo com CNH/PPD/ACC com suspensao do direito de dirigir;Condutor;880.41;Estadual/Rodoviario;162 * II;7.0;Gravissima3X
50701;Entregar veiculo a pessoa com CNH/PPD/ACC cassada;Proprietario;880.41;Estadual/Rodoviario;163 c/c 162 * II;7.0;Gravissima3X
50702;Entregar veiculo a pessoa com CNH/PPD/ACC com susp. do direito de dirigir;Proprietario;880.41;Estadual/Rodoviario;163 c/c 162 * II;7.0;Gravissima3X
51261;Permitir posse/conducao do veiculo a pessoa com CNH/PPD/ACC cassada;Proprietario;880.41;Estadual/Rodoviario;164 c/c 162 * II;7.0;Gravissima3X
52820;Deixar o condutor envolvido em acidente, de prestar ou providenciar socorro a vitima;Condutor;1467.35;Estadual/Rodoviario;176 * I;7.0;Gravissima5X
52900;Deixar o condutor envolvido em acidente, de adotar providencias para evitar perigo para o transito;Condutor;1467.35;Estadual/Rodoviario;176 * II;7.0;Gravissima5X
50450;Dirigir veiculo com validade de CNH/PPD vencida ha mais de 30 dias;Condutor;293.47;Estadual/Rodoviario;162 * V;7.0;Gravissima
53040;Deixar o condutor envolvido em acidentes com vitima de preservar o local, de forma a facilitar os trabalhos da Policia e da Pericia.;Condutor;1467.35;Estadual/Rodoviario;176 * III;7.0;Gravissima5X
53120;Deixar o condutor envolvido em acidente, de remover o veiculo do local quando determinado por policial ou agente da autoridade de transito;Condutor;1467.35;Estadual/Rodoviario;176 * IV;7.0;Gravissima5X
53200;Deixar o condutor envolvido em acidente, de identificar-se ao policial e de lhe prestar informacoes necessarias a confeccao do boletim de ocorrencia;Condutor;1467.35;Estadual/Rodoviario;176 * V;7.0;Gravissima5X
59080;Ultrapassar pelo acostamento;Condutor;1467.35;Municipal/Rodoviario;202 * I;7.0;Gravissima5X
59161;Ultrapassar em intersecoes;Condutor;1467.35;Municipal/Rodoviario;202 * II;7.0;Gravissima5X
59162;Ultrapassar em passagem de nivel;Condutor;1467.35;Municipal/Rodoviario;202 * II;7.0;Gravissima5X
59241;Ultrapassar pela contramao nas curvas sem visibilidade suficiente;Condutor;1467.35;Municipal/Rodoviario;203 * I;7.0;Gravissima5X
50531;Dirigir veiculo sem usar lentes corretoras de visao;Condutor;293.47;Estadual/Rodoviario;162 * VI;7.0;Gravissima
59242;Ultrapassar pela contramao nos aclives ou declives, sem visibilidade suficiente;Condutor;1467.35;Municipal/Rodoviario;203 * I;7.0;Gravissima5X
59320;Ultrapassar pela contramao nas faixas de pedestre;Condutor;1467.35;Municipal/Rodoviario;203 * II;7.0;Gravissima5X
59401;Ultrapassar pela contramao nas pontes;Condutor;1467.35;Municipal/Rodoviario;203 * III;7.0;Gravissima5X
50532;Dirigir veiculo sem usar aparelho auxiliar de audicao;Condutor;293.47;Estadual/Rodoviario;162 * VI;7.0;Gravissima
59402;Ultrapassar pela contramao nos viadutos;Condutor;1467.35;Municipal/Rodoviario;203 * III;7.0;Gravissima5X
59403;Ultrapassar pela contramao nos tuneis;Condutor;1467.35;Municipal/Rodoviario;203 * III;7.0;Gravissima5X
59591;Ultrapassar pela contramao veiculo parado em fila junto sinal luminoso;Condutor;1467.35;Municipal/Rodoviario;203 * IV;7.0;Gravissima5X
59593;Ultrapassar pela contramao veiculo parado em fila junto a cruzamento;Condutor;1467.35;Municipal/Rodoviario;203 * IV;7.0;Gravissima5X
59594;Ultrapassar pela contramao veiculo parado em fila junto a qualquer outro impedimento a livre circulacao;Condutor;1467.35;Municipal/Rodoviario;203 * IV;7.0;Gravissima5X
50533;Dirigir veiculo sem usar aparelho auxiliar de protese fisica;Condutor;293.47;Estadual/Rodoviario;162 * VI;7.0;Gravissima
59670;Ultrapassar pela contramao linha de divisao de fluxos opostos, continua amarela;Condutor;1467.35;Municipal/Rodoviario;203 * V;7.0;Gravissima5X
50534;Dirigir veiculo sem adaptacoes impostas na concessao/renovacao licenca conduzir;Condutor;293.47;Estadual/Rodoviario;162 * VI;7.0;Gravissima
50960;Entregar veiculo a pessoa com CNH/PPD vencida ha mais de 30 dias;Proprietario;293.47;Estadual/Rodoviario;163 c/c 162 * V;7.0;Gravissima
51001;Entregar o veiculo a pessoa sem usar lentes corretoras de visao;Proprietario;293.47;Estadual/Rodoviario;163 c/c 162 * VI;7.0;Gravissima
51002;Entregar o veiculo a pessoa sem usar aparelho auxiliar de audicao;Proprietario;293.47;Estadual/Rodoviario;163 c/c 162 * VI;7.0;Gravissima
51003;Entregar o veiculo a pessoa sem aparelho de protese fisica;Proprietario;293.47;Estadual/Rodoviario;163 c/c 162 * VI;7.0;Gravissima
51004;Entregar veiculo a pessoa sem adaptacoes do veiculo impostas por ocasiao da concessao ou da renovacao da licenca para conduzir;Proprietario;293.47;Estadual/Rodoviario;163 c/c 162 * VI;7.0;Gravissima
51420;Permitir posse/conducao do veiculo a pessoa com CNH/PPD vencida ha mais de 30 dias;Proprietario;293.47;Estadual/Rodoviario;164 c/c 162 * V;7.0;Gravissima
51501;Permitir posse/conducao do veiculo a pessoa sem usar lentes corretoras de visao;Proprietario;293.47;Estadual/Rodoviario;164 c/c 162 * VI;7.0;Gravissima
51502;Permitir posse/conducao do veiculo a pessoa sem usar aparelho auxiliar de audicao;Proprietario;293.47;Estadual/Rodoviario;164 c/c 162 * VI;7.0;Gravissima
51503;Permitir posse/conducao do veiculo a pessoa sem usar aparelho de protese fisica;Proprietario;293.47;Estadual/Rodoviario;164 c/c 162 * VI;7.0;Gravissima
51504;Permitir posse de condutor em veiculo sem adaptacoes impostas concessao/renovacao licenca condutor;Proprietario;293.47;Estadual/Rodoviario;164 c/c 162 * VI;7.0;Gravissima
51770;Confiar/entregar veiculo a pessoa com estado fisico/psiquico sem condicoes dirigir em seguranca;Proprietario;293.47;Estadual/Rodoviario;166;7.0;Gravissima
51930;Transportar crianca sem observancia das normas de seguranca estabelecidas para CTB (retencao/cadeirinha(cadeira)/menor de 10 anos/altura inferior a 1,45m);Condutor;293.47;Estadual/Municipal/Rodoviario;168;7.0;Gravissima
52151;Dirigir ameacando os pedestres que estejam atravessando a via publica;Condutor;293.47;Estadual/Municipal/Rodoviario;170;7.0;Gravissima
60842;Ultrapassar veiculos motorizados em fila, parados em razao de cancela;Condutor;195.23;Estadual/Municipal/Rodoviario;211;5.0;Grave
60843;Ultrapassar veiculos motorizados em fila parados em razao de bloqueio viario parcial;Condutor;195.23;Estadual/Municipal/Rodoviario;211;5.0;Grave
60844;Ultrapassar veiculos motorizados em fila, parados em razao de qualquer obstaculo;Condutor;195.23;Estadual/Municipal/Rodoviario;211;5.0;Grave
61140;Deixar de parar sempre que a marcha for interceptada por agrupamento de veiculos;Condutor;195.23;Municipal/Rodoviario;213 * II;5.0;Grave
61570;Deixar de dar preferencia a pedestre/veiculo nao motorizado quando iniciada travessia sem sinalizacao;Condutor;195.23;Municipal/Rodoviario;214 * IV;5.0;Grave
61650;Deixar de dar preferencia a pedestre/veiculo nao motorizado atravessando a via transversal;Condutor;195.23;Municipal/Rodoviario;214 * V;5.0;Grave
61731;Deixar de dar preferencia em intersecao nao sinalizada, a veiculo circulando por Rodoviarioia;Condutor;195.23;Municipal/Rodoviario;215 * I * a;5.0;Grave
61732;Deixar de dar preferencia em intersecao nao sinalizada, a veiculo circulando por rotatoria;Condutor;195.23;Municipal/Rodoviario;215 * I * a;5.0;Grave
61733;Deixar de dar preferencia em intersecao nao sinalizada, a veiculo que vier da direita;Condutor;195.23;Municipal/Rodoviario;215 * I * b;5.0;Grave
61810;Deixar de dar preferencia nas intersecoes com sinalizacao de De a Preferencia;Condutor;195.23;Municipal/Rodoviario;215 * II;5.0;Grave
62700;Deixar de reduzir a velocidade onde o transito esteja sendo controlado pelo agente;Condutor;195.23;Municipal/Rodoviario;220 * II;5.0;Grave
62891;Deixar de reduzir a velocidade do veiculo ao aproximar-se da guia da calcada;Condutor;195.23;Municipal/Rodoviario;220 * III;5.0;Grave
62892;Deixar de reduzir a velocidade do veiculo ao aproximar-se do acostamento;Condutor;195.23;Municipal/Rodoviario;220 * III;5.0;Grave
62970;Deixar de reduzir velocidade do veiculo ao aproximar-se intersecao nao sinalizada;Condutor;195.23;Municipal/Rodoviario;220 * IV;5.0;Grave
55090;Estacionar no ponto de embarque/desembarque de passageiros transporte coletivo;Condutor;130.16;Municipal/Rodoviario;181 * XIII;4.0;Media
55250;Estacionar na contramao de direcao;Condutor;130.16;Municipal/Rodoviario;181 * XV;4.0;Media
64160;Confeccionar/distribuir/colocar veiculo proprio/terceiro placa identificacao desacordo Contran;PF ou PJ;130.16;Estadual/Rodoviario;221, paragrafo unico;4.0;Media
63000;Deixar reduzir velocidade nas vias rurais cuja faixa dominio nao esteja cercada;Condutor;195.23;Municipal/Rodoviario;220 * V;5.0;Grave
68313;Transitar com o veiculo com excesso de peso - PBT/PBTC e Por Eixo;Emb/Transp;130.16;Municipal/Rodoviario;231 * V;4.0;Media
68312;Transitar com o veiculo com excesso de peso - Por Eixo;Emb/Transp;130.16;Municipal/Rodoviario;231 * V;4.0;Media
68311;Transitar com o veiculo com excesso de peso PBT/PBTC;Emb/Transp;130.16;Municipal/Rodoviario;231 * V;4.0;Media
63190;Deixar de reduzir a velocidade nos trechos em curva de pequeno raio;Condutor;195.23;Municipal/Rodoviario;220 * VI;5.0;Grave
68741;Transitar com o veiculo desligado em declive;Condutor;130.16;Municipal/Rodoviario;231 * IX;4.0;Media
68820;Transitar com o veiculo excedendo a Capacidade Maxima de Tracao (CMT) em ate 600 kg;Proprietario;130.16;Municipal/Rodoviario;231 * X;4.0;Media
72262;Deixar de manter acesas a noite as luzes de posicao veic fazendo carga/descarga;Condutor;130.16;Municipal/Rodoviario;249;4.0;Media
73232;Dirigir o veiculo transportando animais a sua esquerda ou entre os bracos e pernas;Condutor;130.16;Estadual/Rodoviario;252 * II;4.0;Media
52152;Dirigir ameacando os demais veiculos;Condutor;293.47;Estadual/Municipal/Rodoviario;170;7.0;Gravissima
54281;Estacionar na pista de rolamento das estradas;Condutor;293.47;Municipal/Rodoviario;181 * V;7.0;Gravissima
54282;Estacionar na pista de rolamento das Rodovias;Condutor;293.47;Municipal/Rodoviario;181 * V;7.0;Gravissima
54283;Estacionar na pista de rolamento das vias de transito rapido;Condutor;293.47;Municipal/Rodoviario;181 * V;7.0;Gravissima
54284;Estacionar na pista de rolamento das vias dotadas de acostamento;Condutor;293.47;Municipal/Rodoviario;181 * V;7.0;Gravissima
57380;Transitar pela contramao de direcao em via com sinalizacao de regulamentacao sentido unico;Condutor;293.47;Municipal/Rodoviario;186 * II;7.0;Gravissima
57701;Deixar de dar passagem a veiculo precedido de batedores devidamente identificados;Condutor;293.47;Estadual/Municipal/Rodoviario;189;7.0;Gravissima
57702;Deixar de dar passagem a veiculo de socorro de incendio e salvamento quando em servico de urgencia e devidamente identificados;Condutor;293.47;Estadual/Municipal/Rodoviario;189;7.0;Gravissima
57703;Deixar de dar passagem a veiculo de policia em servico de urgencia devidamente identificada;Condutor;293.47;Estadual/Municipal/Rodoviario;189;7.0;Gravissima
57704;Deixar de dar passagem a veiculo de operacao e fiscalizacao de transito devidamente identificada;Condutor;293.47;Estadual/Municipal/Rodoviario;189;7.0;Gravissima
57705;Deixar de dar passagem a ambulancia em servico de urgencia devidamente identificada;Condutor;293.47;Estadual/Municipal/Rodoviario;189;7.0;Gravissima
58860;Ultrapassar pela direita veiculo de transporte coletivo ou de escolares, parado para embarque ou desembarque de passageiros, salvo quando houver refugio de seguranca para o pedestre;Condutor;293.47;Municipal/Rodoviario;200;7.0;Gravissima
59910;Executar operacao de retorno em locais proibidos pela sinalizacao;Condutor;293.47;Municipal/Rodoviario;206 * I;7.0;Gravissima
60091;Executar operacao de retorno nas curvas;Condutor;293.47;Municipal/Rodoviario;206 * II;7.0;Gravissima
60092;Executar operacao de retorno nos aclives ou declives;Condutor;293.47;Municipal/Rodoviario;206 * II;7.0;Gravissima
60093;Executar operacao de retorno nas pontes;Condutor;293.47;Municipal/Rodoviario;206 * II;7.0;Gravissima
60094;Executar operacao de retorno nos viadutos;Condutor;293.47;Municipal/Rodoviario;206 * II;7.0;Gravissima
60095;Executar operacao de retorno nos tuneis;Condutor;293.47;Municipal/Rodoviario;206 * II;7.0;Gravissima
60171;Executar operacao de retorno passando por cima de calcada, passeio;Condutor;293.47;Municipal/Rodoviario;206 * III;7.0;Gravissima
60172;Executar operacao de retorno passando por cima de ilha, refugio;Condutor;293.47;Municipal/Rodoviario;206 * III;7.0;Gravissima
60173;Executar operacao de retorno passando por cima de ajardinamento;Condutor;293.47;Municipal/Rodoviario;206 * III;7.0;Gravissima
60174;Executar operacao de retorno passando por cima de canteiro de divisor de pista;Condutor;293.47;Municipal/Rodoviario;206 * III;7.0;Gravissima
60175;Executar operacao de retorno passando por cima de faixa de pedestres;Condutor;293.47;Municipal/Rodoviario;206 * III;7.0;Gravissima
60176;Executar operacao de retorno passando por cima de faixa de veiculo nao motorizados;Condutor;293.47;Municipal/Rodoviario;206 * III;7.0;Gravissima
60250;Executar retorno nas intersecoes, entrando na contramao da via transversal;Condutor;293.47;Municipal/Rodoviario;206 * IV;7.0;Gravissima
60330;Executar retorno com prejuizo da circulacao/seguranca ainda que em local permitido;Condutor;293.47;Municipal/Rodoviario;206 * V;7.0;Gravissima
60501;Avancar o sinal vermelho do semaforo, exceto onde houver sinalizacao que permite livre conversao a direita;Condutor;293.47;Municipal/Rodoviario;208;7.0;Gravissima
60502;Avancar o sinal de parada obrigatoria;Condutor;293.47;Municipal/Rodoviario;208;7.0;Gravissima
60503;Avancar o sinal vermelho do semaforo sob fiscalizacao eletronica;Condutor;293.47;Municipal/Rodoviario;208;7.0;Gravissima
60760;Transpor bloqueio viario policial;Condutor;293.47;Estadual/Municipal/Rodoviario;210;7.0;Gravissima
60920;Deixar de parar o veiculo antes de transpor linha ferrea;Condutor;195.23;Municipal/Rodoviario;212;7.0;Gravissima
61060;Deixar de parar sempre que a marcha for interceptada por agrupamento de pessoas;Condutor;293.47;Municipal/Rodoviario;213 * I;7.0;Gravissima
61220;Deixar de dar preferencia a pedestre e a veiculo nao motorizado na faixa a ele destinada;Condutor;293.47;Municipal/Rodoviario;214 * I;7.0;Gravissima
61300;Deixar de dar preferencia a pedestre e a veiculo nao motorizado que nao haja concluido a travessia;Condutor;293.47;Municipal/Rodoviario;214 * II;7.0;Gravissima
61490;Deixar de dar preferencia a pedestre portador de deficiencia fisica, crianca, idoso e gestante;Condutor;293.47;Municipal/Rodoviario;214 * III;7.0;Gravissima
62620;Deixar de reduzir a velocidade quando se aproximar de passeatas, aglomeracoes, desfiles, etc;Condutor;293.47;Municipal/Rodoviario;220 * I;7.0;Gravissima
63941;Deixar de reduzir a velocidade nas proximidades de escolas;Condutor;293.47;Municipal/Rodoviario;220 * XIV;7.0;Gravissima
63942;Deixar de reduzir a velocidade nas proximidades de hospitais;Condutor;293.47;Municipal/Rodoviario;220 * XIV;7.0;Gravissima
63943;Deixar de reduzir velocidade na proximidade de estacao de embarque e desembarque de passageiros;Condutor;293.47;Municipal/Rodoviario;220 * XIV;7.0;Gravissima
63944;Deixar de reduzir velocidade onde haja intensa movimentacao de pedestres;Condutor;293.47;Municipal/Rodoviario;220 * XIV;7.0;Gravissima
65561;Conduzir o veiculo com o lacre de identificacao violado/falsificado;Proprietario;293.47;Estadual/Rodoviario;230 * I;7.0;Gravissima
65562;Conduzir o veiculo com a inscricao do chassi violada/falsificada;Proprietario;293.47;Estadual/Rodoviario;230 * I;7.0;Gravissima
65563;Conduzir o veiculo com o selo violado/falsificado;Proprietario;293.47;Estadual/Rodoviario;230 * I;7.0;Gravissima
65564;Conduzir o veiculo com a placa violada/falsificada;Proprietario;293.47;Estadual/Rodoviario;230 * I;7.0;Gravissima
65565;Conduzir o veiculo com qualquer outro elemento de identificacao violado/falsificado;Proprietario;293.47;Estadual/Rodoviario;230 * I;7.0;Gravissima
65640;Conduzir o veiculo transportando passageiros em compartimento de carga;Condutor;293.47;Municipal/Rodoviario;230 * II;7.0;Gravissima
65720;Conduzir o veiculo com dispositivo antirradar;Proprietario;293.47;Estadual/Rodoviario;230 * III;7.0;Gravissima
65800;Conduzir o veiculo sem qualquer uma das placas de identificacao;Proprietario;293.47;Estadual/Rodoviario;230 * IV;7.0;Gravissima
65991;Conduzir o veiculo que nao esteja registrado;Proprietario;293.47;Estadual/Rodoviario;230 * V;7.0;Gravissima
65992;Conduzir o veiculo registrado que nao esteja devidamente licenciado (atraso/atrasado);Proprietario;293.47;Estadual/Rodoviario;230 * V;7.0;Gravissima
66020;Conduzir o veiculo com qualquer uma das placas sem legibilidade e visibilidade;Proprietario;293.47;Estadual/Rodoviario;230 * VI;7.0;Gravissima
67770;Transitar com o veiculo danificando a via, suas instalacoes e equipamentos;Condutor;293.47;Municipal/Rodoviario;231 * I;7.0;Gravissima
67851;Transitar com veiculo derramando a carga que esteja transportando;Condutor;293.47;Municipal/Rodoviario;231 * II * a;7.0;Gravissima
67852;Transitar com veiculo lancando a carga que esteja transportando;Condutor;293.47;Municipal/Rodoviario;231 * II * a;7.0;Gravissima
67853;Transitar com veiculo arrastando a carga que esteja transportando;Condutor;293.47;Municipal/Rodoviario;231 * II * a;7.0;Gravissima
67930;Transitar com veiculo derramando/lancando combustivel/lubrificante que esteja utilizando;Condutor;293.47;Municipal/Rodoviario;231 * II * b;7.0;Gravissima
68070;Transitar com veiculo derramando/lancando/arrastando objeto que possa acarretar risco acidente;Condutor;293.47;Municipal/Rodoviario;231 * II * c;7.0;Gravissima
69040;Transitar com o veiculo excedendo a Capacidade Maxima de Tracao (Capacidade Maxima de Tracao (CMT)) acima de 1.000 kg;Proprietario;293.47;Municipal/Rodoviario;231 * X;7.0;Gravissima
69391;Falsificar ou adulterar documento de habilitacao;Condutor;293.47;Estadual/Rodoviario;234;7.0;Gravissima
69392;Falsificar ou adulterar documento de identificacao do veiculo;Condutor;293.47;Estadual/Rodoviario;234;7.0;Gravissima
69710;Recusar-se a entregar CNH/CRV/CRLV/ outros documentos;Condutor;293.47;Estadual/Rodoviario;238;7.0;Gravissima
69800;Retirar do local veiculo legalmente retido para regularizacao, sem permissao;Condutor;293.47;Estadual/Municipal/Rodoviario;239;7.0;Gravissima
63270;Deixar de reduzir velocidade ao aproximar local sinalizado com advertencia de obras/trabalhadores;Condutor;195.23;Municipal/Rodoviario;220 * VII;5.0;Grave
63350;Deixar de reduzir a velocidade sob chuva/neblina/cerracao/ventos fortes;Condutor;195.23;Municipal/Rodoviario;220 * VIII;5.0;Grave
63430;Deixar de reduzir a velocidade quando houver ma visibilidade;Condutor;195.23;Municipal/Rodoviario;220 * IX;5.0;Grave
63510;Deixar de reduzir velocidade quando pavimento se apresentar escorregadio/defeituoso/avariado;Condutor;195.23;Municipal/Rodoviario;220 * X;5.0;Grave
63600;Deixar de reduzir a velocidade a aproximacao de animais na pista;Condutor;195.23;Municipal/Rodoviario;220 * XI;5.0;Grave
63780;Deixar de reduzir a velocidade de forma compativel com a seguranca, em declive;Condutor;195.23;Municipal/Rodoviario;220 * XII;5.0;Grave
63860;Deixar de reduzir velocidade de forma compativel com seguranca ao ultrapassar ciclista;Condutor;195.23;Municipal/Rodoviario;220 * XIII;5.0;Grave
64321;Transitar com farol desregulado perturbando visao outro condutor;Condutor;195.23;Estadual/Rodoviario;223;5.0;Grave
70131;Fazer falsa declaracao de domicilio para fins de registro/licenciamento;Proprietario;293.47;Estadual;242;7.0;Gravissima
70132;Fazer falsa declaracao de domicilio para fins de habilitacao;Condutor;293.47;Estadual;242;7.0;Gravissima
70301;Conduzir motocicleta, motoneta ou ciclomotor sem capacete de seguranca;Condutor;293.47;Estadual/Municipal/Rodoviario;244 * I;7.0;Gravissima
70303;Conduzir motocicleta, motoneta ou ciclomotor sem vestuario de acordo com as normas aprovadas pelo Contran;Condutor;293.47;Estadual/Municipal/Rodoviario;244 * I;7.0;Gravissima
70481;Conduzir motocicleta, motoneta e ciclomotor transportando passageiro sem capacete;Condutor;293.47;Municipal/Rodoviario;244 * II;7.0;Gravissima
70483;Conduzir motocicleta/motoneta/ciclomotor transportando passageiro fora do assento;Condutor;293.47;Municipal/Rodoviario;244 * II;7.0;Gravissima
70561;Conduzir motocicleta/motoneta/ciclomotor fazendo malabarismo/equilibrando-se em uma roda;Condutor;293.47;Municipal/Rodoviario;244 * III;7.0;Gravissima
64322;Transitar com o facho de luz alta perturbando visao outro condutor;Condutor;195.23;Estadual/Rodoviario;223;5.0;Grave
70721;Conduzir motocicleta/motoneta/ciclomotor transportando crianca menor de 10 anos de idade;Condutor;293.47;Municipal/Rodoviario;244 * V;7.0;Gravissima
70722;Conduzir motocicleta/motoneta/ciclomotor transportando crianca sem condicao de cuidar propria seguranca;Condutor;293.47;Municipal/Rodoviario;244 * V;7.0;Gravissima
73740;Bloquear a via com veiculo;Condutor;293.47;Municipal/Rodoviario;253;7.0;Gravissima
64591;Deixar de sinalizar via para tornar visivel local quando tiver remover veiculo da pista;Condutor;195.23;Municipal/Rodoviario;225*I;5.0;Grave
64592;Deixar de sinalizar a via para tornar visivel o local quando permanecer acostamento;Condutor;195.23;Municipal/Rodoviario;225*I;5.0;Grave
64670;Deixar de sinalizar a via para tornar visivel o local quando a carga for derramada;Condutor;195.23;Municipal/Rodoviario;225*II;5.0;Grave
65300;Usar no veiculo equipamento com som em volume ou frequencia que nao sejam autorizados pelo CONTRAN;Condutor;195.23;Municipal/Rodoviario;228;5.0;Grave
66101;Conduzir o veiculo com a cor alterada;Proprietario;195.23;Estadual/Rodoviario;230*VII;5.0;Grave
66102;Conduzir o veiculo com caracteristica alterada;Proprietario;195.23;Estadual/Rodoviario;230*VII;5.0;Grave
66290;Conduzir veiculo sem ter sido submetido a inspecao de seguranca veicular, quando obrigatoria;Proprietario;195.23;Estadual/Rodoviario;230 * VIII;5.0;Grave
66371;Conduzir o veiculo sem equipamento obrigatorio;Proprietario;195.23;Estadual/Rodoviario;230*IX;5.0;Grave
73820;E proibido ao pedestre permanecer/andar pista, exceto para cruza-las onde permitido;Pedestre;44.19;Municipal/Rodoviario;254 * I;3.0;Leve50%
66372;Conduzir o veiculo com equipamento obrigatorio ineficiente/inoperante;Proprietario;195.23;Estadual/Rodoviario;230 * IX;5.0;Grave
66450;Conduzir o veiculo com equipamento obrigatorio em desacordo com o estabelecido pelo Contran;Proprietario;195.23;Estadual/Rodoviario;230 * X;5.0;Grave
66531;Conduzir o veiculo com descarga livre;Proprietario;195.23;Estadual/Rodoviario;230 * XI;5.0;Grave
66532;Conduzir o veiculo com silenciador de motor defeituoso/deficiente/inoperante;Proprietario;195.23;Estadual/Rodoviario;230 * XI;5.0;Grave
66610;Conduzir o veiculo com equipamento ou acessorio proibido;Proprietario;195.23;Estadual/Rodoviario;230 * XII;5.0;Grave
66700;Conduzir o veiculo com equipamento do sistema de iluminacao e de sinalizacao alterados;Proprietario;195.23;Estadual/Rodoviario;230 * XIII;5.0;Grave
75950;Dirigir veiculo realizando cobranca de tarifa com veiculo em movimento;Condutor;130.16;Estadual/Municipal/Rodoviario;252*II;4.0;Media
66880;Conduzir veiculo com registrador instantaneo inalteravel de velocidade/tempo viciado/defeituoso;Proprietario;195.23;Estadual/Rodoviario;230 * XIV;5.0;Grave
66961;Conduzir com inscricoes/adesivos/legendas/simbolos afixados no para-brisa e extensao traseira;Proprietario;195.23;Estadual/Rodoviario;230 * XV;5.0;Grave
66962;Conduzir com inscricoes/adesivos/legendas/simbolos pintados no para-brisa e extensao traseira;Proprietario;195.23;Estadual/Rodoviario;230 * XV;5.0;Grave
67000;Conduzir veiculo com vidro total/parcialmente coberto por pelicula, paineis/pintura;Proprietario;195.23;Estadual/Rodoviario;230 * XVI;5.0;Grave
67180;Conduzir o veiculo com cortinas ou persianas fechadas;Proprietario;195.23;Estadual/Rodoviario;230 * XVII;5.0;Grave
67261;Conduzir o veiculo em mau estado de conservacao, comprometendo a seguranca;Proprietario;195.23;Estadual/Rodoviario;230 * XVIII;5.0;Grave
67262;Conduzir o veiculo reprovado na avaliacao de inspecao de seguranca;Proprietario;195.23;Estadual/Rodoviario;230 * XVIII;5.0;Grave
67263;Conduzir o veiculo reprovado na avaliacao de emissao de poluentes e ruido;Proprietario;195.23;Estadual/Rodoviario;230 * XVIII;5.0;Grave
67340;Conduzir o veiculo sem acionar o limpador de para-brisa sob chuva;Condutor;195.23;Estadual/Rodoviario;230 * XIX;5.0;Grave
67420;Conduzir o veiculo sem portar a autorizacao para conducao de escolares;Proprietario;1467.35;Estadual/Rodoviario;230 * XX;7.0;Gravissima5X
68150;Transitar com veiculo produzindo fumaca, gases ou particulas em desacordo com o Contran;Proprietario;195.23;Municipal/Rodoviario;231 * III;5.0;Grave
68231;Transitar com veiculo e/ou carga com dimensoes superiores limite legal sem autorizacao;Proprietario;195.23;Municipal/Rodoviario;231 * IV;5.0;Grave
68232;Transitar com veiculo e/ou carga com dimensoes superiores estabelecidas pela sinalizacao sem autorizacao;Condutor;195.23;Municipal/Rodoviario;231 * IV;5.0;Grave
68401;Transitar em desacordo com autorizacao expedida para veiculo com dimensoes excedentes;Proprietario;195.23;Municipal/Rodoviario;231 * VI;5.0;Grave
68402;Transitar com autorizacao vencida, expedida para veiculo com dimensoes excedentes;Proprietario;195.23;Municipal/Rodoviario;231 * VI;5.0;Grave
68900;Transitar com o veiculo excedendo a Capacidade Maxima de Tracao (Capacidade Maxima de Tracao (CMT)) entre 601 e 1.000 kg;Proprietario;195.23;Municipal/Rodoviario;231 * X;5.0;Grave
69471;Conduzir pessoas nas partes externas do veiculo;Condutor;195.23;Municipal/Rodoviario;235;5.0;Grave
69472;Conduzir animais nas partes externas do veiculo;Condutor;195.23;Municipal/Rodoviario;235;5.0;Grave
69473;Conduzir carga nas partes externas do veiculo;Condutor;195.23;Municipal/Rodoviario;235;5.0;Grave
70800;Conduzir motocicleta, motoneta e ciclomotor rebocando outro veiculo;Condutor;195.23;Municipal/Rodoviario;244 * VI;5.0;Grave
70991;Conduzir motocicleta/motoneta/ciclomotor sem segurar o guidom com ambas as maos;Condutor;195.23;Municipal/Rodoviario;244 * VII;5.0;Grave
71021;Conduzir motocicleta, motoneta e ciclomotor transportando carga incompativel;Condutor;195.23;Municipal/Rodoviario;244 * VIII;5.0;Grave
71023;Conduzir motocicleta/motoneta/ciclomotor transportando carga em desacordo com § 2º do Art 139-A CTB;Condutor;195.23;Municipal/Rodoviario;244 * VIII;5.0;Grave
72180;Transportar em veiculo destinado ao transporte de passageiros carga excedente em desacordo com o art. 109;Condutor;195.23;Estadual/Rodoviario;248;5.0;Grave
74630;Transitar em velocidade superior a maxima permitida em mais de 20% ate 50%;Condutor;195.23;Municipal/Rodoviario;218 * II;5.0;Grave
75521;Conduzir motocicleta/motoneta/ciclomotor efetuando transporte remunerado mercadoria desacordo com art 139-A CTB;Condutor;195.23;Estadual/Municipal/Rodoviario;244 * IX;5.0;Grave
75522;Conduzir motocicleta/motoneta/ciclomotor efetuando transporte remunerado em desacordo normas atividade profissional mototaxistas;Condutor;195.23;Estadual/Municipal/Rodoviario;244 * IX;5.0;Grave
75600;Conduzir veiculo de transporte de passageiro ou carga em desacordo com as condicoes do art 67-A CTB;Condutor;130.16;Municipal/Rodoviario;230, XXIII;4.0;Media
69630;Transitar com veiculo em desacordo com as especificacoes/falta de inscricao/simbologia necessarias a sua identificacao;Proprietario;195.23;Estadual/Rodoviario;237;5.0;Grave
69980;Deixar responsavel de promover baixa registro de veiculo irrecuperavel/desmontado;Proprietario;195.23;Estadual;240;5.0;Grave
70210;Deixar seguradora de comunicar ocorrencia perda total veiculo e devolver placas/documentos;P. juridica;195.23;Estadual;243;5.0;Grave
71450;Utilizar a via para deposito de mercadorias, materiais ou equipamentos;PF ou PJ;195.23;Municipal/Rodoviario;245;5.0;Grave
51262;Permitir posse/conducao do veiculo a pessoa com CNH/PPD/ACC com suspensao do direito de dirigir;Proprietario;880.41;Estadual/Rodoviario;164 c/c 162 * II;7.0;Gravissima3X
51692;Dirigir sob influencia de qualquer outra substancia que determine dependencia;Condutor;2934.7;Estadual/Rodoviario;165;7.0;Gravissima10X
58198;Transitar com o veiculo em passarelas;Condutor;880.41;Municipal/Rodoviario;193;7.0;Gravissima3X
59592;Ultrapassar pela contramao veiculo parado em fila junto a cancela/porteira;Condutor;1467.35;Municipal/Rodoviario;203 * IV;7.0;Gravissima5X
71531;Deixar de sinalizar obstaculo a circulacao/seguranca calcada/pista sem agravamento;PF ou PJ;293.47;Municipal/Rodoviario;246;7.0;Gravissima
71532;Obstaculizar/Obstaculo a via indevidamente sem agravamento;PF ou PJ;293.47;Municipal/Rodoviario;246;7.0;Gravissima
71611;Deixar de sinalizar obstaculo circulacao/seguranca calcada/pista-agravamento 2X;PF ou PJ;880.41;Municipal/Rodoviario;246;7.0;Gravissima2X
71612;Obstaculizar/Obstaculo a via indevidamente-agravamento 2X;PF ou PJ;880.41;Municipal/Rodoviario;246;7.0;Gravissima2X
71701;Deixar de sinalizar obstaculo circulacao/seguranca calcada/pista-agravamento 3X;PF ou PJ;880.41;Municipal/Rodoviario;246;7.0;Gravissima3X
71702;Obstaculizar/Obstaculo a via indevidamente-agravamento 3X;PF ou PJ;880.41;Municipal/Rodoviario;246;7.0;Gravissima3X
71881;Deixar de sinalizar obstaculo circulacao/seguranca calcada/pista-agravamento 4X;PF ou PJ;1467.35;Municipal/Rodoviario;246;7.0;Gravissima4X
71882;Obstaculizar/Obstaculo a via indevidamente-agravamento 4X;PF ou PJ;1467.35;Municipal/Rodoviario;246;7.0;Gravissima4X
71961;Deixar de sinalizar obstaculo circulacao/seguranca calcada/pista-agravamento 5X;PF ou PJ;1467.35;Municipal/Rodoviario;246;7.0;Gravissima5X
71962;Obstaculizar/Obstaculo a via indevidamente-agravamento 5X;PF ou PJ;1467.35;Municipal/Rodoviario;246;7.0;Gravissima5X
75441;Falta de escrituracao livro registro entrada/saida e de uso placa de experiencia;PF ou PJ;293.47;Estadual;330 * § 5º;7.0;Gravissima
75443;Fraude escrituracao livro registro entrada/saida e de uso placa de experiencia;PF ou PJ;293.47;Estadual;330 * § 5º;7.0;Gravissima
75444;Recusa da exibicao do livro registro entrada/saida e de uso placa de experiencia;PF ou PJ;293.47;Estadual;330 * § 5º;7.0;Gravissima
75442;Atraso escrituracao livro registro entrada/saida e de uso placa de experiencia;PF ou PJ;293.47;Estadual;330 * § 5º;7.0;Gravissima
75870;Transitar na faixa ou via exclusiva regulamentada para transporte publico coletivo de passageiros;Condutor;293.47;Municipal/Rodoviario;184, III;7.0;Gravissima
52742;Utilizar-se de veiculo para demonstrar ou exibir manobra perigosa, mediante derrapagem ou frenagem com deslizamento ou arrastamento de pneus;Condutor;2934.7;Estadual/Rodoviario;175;7.0;Gravissima10X
67690;Conduzir veiculo com defeito no sistema de iluminacao, sinalizacao ou lampadas queimadas;Proprietario;130.16;Estadual/Rodoviario;230, XXII;4.0;Media
69201;Deixar de efetuar registro do veiculo em 30 dias, quando for transferida a propriedade;Proprietario;130.16;Estadual;233 c/c 123, I;4.0;Media
69202;Deixar de efetuar registro do veiculo em 30 dias, quando mudar o municipio de domicilio/residencia;Proprietario;130.16;Estadual;233 c/c 123, II;4.0;Media
69203;Deixar de efetuar registro do veiculo em 30 dias, quando for alterada qualquer caracteristica do veiculo;Proprietario;130.16;Estadual;233 c/c 123, III;4.0;Media
69204;Deixar de efetuar registro de veiculo em 30 dias, quando houver mudanca de categoria;Proprietario;130.16;Estadual;233 c/c 123, IV;4.0;Media
76171;Usar qualquer veiculo para, deliberadamente, interromper a circulacao na via sem autorizacao do orgao;Condutor;5869.4;Municipal/Rodoviario;253-A;7.0;Gravissima20X
76172;Usar qualquer veiculo para, deliberadamente, restringir a circulacao na via sem autorizacao do orgao;Condutor;5869.4;Municipal/Rodoviario;253-A;7.0;Gravissima20X
76173;Usar qualquer veiculo para, deliberadamente, perturbar a circulacao na via sem autorizacao do orgao;Condutor;5869.4;Municipal/Rodoviario;253-A;7.0;Gravissima20X
74801;Aprovar projeto edificacao polo atrativo transito sem anuencia orgao/entidade transito;Serv. publico;0.0;Municipal/Rodoviario;93 c/c 95, § 4º;Nao ha;Nao ha
74802;Aprovar projeto edificacao polo atrativo transito sem estacionamento/indicacao vias de acesso;Serv. publico;0.0;Municipal/Rodoviario;93 c/c 95, § 4º;Nao ha;Nao ha
74980;Nao sinalizar devida/imediatamente obstaculo a circulacao/seguranca veiculo/pedestre pista/calcada;Serv. publico;0.0;Municipal/Rodoviario;94;5.0;Grave
75010;Utilizar ondulacao transversal/sonorizador fora padrao/criterio estabelecido pelo Contran;Serv. publico;0.0;Municipal/Rodoviario;94, paragrafo unico;Nao ha;Nao ha
75101;Iniciar obra perturbe/interrompa circulacao/seguranca veiculo/pedestres sem permissao;PF ou PJ;0.0;Municipal/Rodoviario;95;5.0;Grave
75102;Iniciar evento perturbe/interrompa circulacao/seguranca veiculo/pedestres sem permissao;PF ou PJ;0.0;Municipal/Rodoviario;95;5.0;Grave
75281;Nao sinalizar a execucao ou manutencao da obra;PF ou PJ;0.0;Municipal/Rodoviario;95, § 1º;5.0;Grave
75282;Nao sinalizar a execucao ou manutencao do evento;PF ou PJ;0.0;Municipal/Rodoviario;95, § 1º;5.0;Grave
75360;Nao avisar comunidade com 48h antecedencia interdicao via indicando caminho alternativo;Serv. publico;0.0;Municipal/Rodoviario;95, § 2º;Nao ha;Nao ha
50020;Multa, por nao identificacao do condutor infrator, imposta a pessoa juridica;Proprietario;0.0;Estadual/Municipal/Rodoviario;257, § 8º;Nao ha;Nao ha
72421;Em movimento de dia, deixar de manter acesa luz baixa em tuneis;Condutor;130.16;Municipal/Rodoviario;250, I, b;4.0;Media
72422;Em movimento de dia, deixar de manter acesa luz baixa sob chuva, neblina ou cerracao;Condutor;130.16;Municipal/Rodoviario;250, I, b;4.0;Media
76251;Estacionar nas vagas reservadas as pessoas com deficiencia, sem credencial;Condutor;293.47;Municipal/Rodoviario;181, XX;7.0;Gravissima
76252;Estacionar o veiculo nas vagas reservadas a idosos, sem credencial que comprove tal condicao.;Condutor;293.47;Municipal/Rodoviario;181, XX;7.0;Gravissima
76331;Dirigir veiculo segurando telefone celular;Condutor;293.47;Estadual/Municipal/Rodoviario;252, § unico;7.0;Gravissima
76332;Dirigir veiculo manuseando telefone celular;Condutor;293.47;Estadual/Municipal/Rodoviario;252, § unico;7.0;Gravissima
77491;Dirigir veiculo sem possuir cursos especializados obrigatorios;Condutor;293.47;Estadual/Rodoviario;162, VII;7.0;Gravissima
77492;Dirigir veiculo sem possuir cursos especificos obrigatorios;Condutor;293.47;Estadual/Rodoviario;162, VII;7.0;Gravissima
77571;Em movimento, deixar veiculo de transporte publico coletivo passageiros de manter a porta fechada;Condutor;293.47;Municipal/Rodoviario;250, IV;7.0;Gravissima
77572;Em movimento, deixar o veiculo de escolares de manter a porta fechada;Condutor;293.47;Municipal/Rodoviario;250, IV;7.0;Gravissima
76410;Conduzir veiculo para o qual seja exigida habilitacao nas categorias C, D ou E sem realizar o exame toxicologico previsto no § 2º do art. 148-A deste Codigo, apos 30 (trinta) dias do vencimento do prazo estabelecido.;Condutor;1467.35;Estadual/Rodoviario;165-B;7.0;Gravissima5X
76500;Exercer atividade remunerada na conducao de veiculo e nao comprovar a realizacao de exame toxicologico periodico exigido pelo § 2º do art. 148-A do CTB, por ocasiao da renovacao do documento de habilitacao nas categorias C, D ou E.;Condutor;1467.35;Estadual;165-B, § unico;7.0;Gravissima5X
76700;Parar o veiculo sobre ciclovia ou ciclofaixa;Condutor;195.23;Municipal/Rodoviario;182, XI;5.0;Grave
77301;Evadir-se da cobranca pelo uso de Rodovias e vias urbanas para nao efetuar seu pagamento;Condutor;195.23;Estadual/Municipal/Rodoviario;209-A;5.0;Grave
77302;Deixar de efetuar pagamento, pelo uso de Rodovias e vias urbanas, na forma estabelecida;Condutor;195.23;Estadual/Municipal/Rodoviario;209-A;5.0;Grave
76841;Conduzir motocicleta, motoneta ou ciclomotor com a utilizacao de capacete de seguranca sem viseira ou oculos de protecao ou com viseira ou oculos de protecao em desacordo com a regulamentacao do Contran.;Condutor;130.16;Estadual/Municipal/Rodoviario;244, X;4.0;Media
76842;Conduzir motocicleta, motoneta ou ciclomotor com a utilizacao de capacete de seguranca sem viseira ou oculos de protecao ou com viseira ou oculos de protecao em desacordo com a regulamentacao do Contran.;Condutor;130.16;Estadual/Municipal/Rodoviario;244, X;4.0;Media
77141;Conduzir motocicleta, motoneta ou ciclomotor transportando passageiro com o capacete de seguranca utilizado na forma prevista no inciso X do caput deste artigo.;Condutor;130.16;Estadual/Municipal/Rodoviario;244, XI;4.0;Media
77142;Conduzir motocicleta, motoneta ou ciclomotor transportando passageiro com o capacete de seguranca utilizado na forma prevista no inciso X do caput deste artigo.;Condutor;130.16;Estadual/Municipal/Rodoviario;244, XI;4.0;Media
77220;Quando o veiculo estiver em movimento deixar de manter acesa a luz baixa durante a noite.;Condutor;130.16;Rodoviario;250, I, e;4.0;Media
60685;Circular, o veiculo de transporte de carga, com eixos indevidamente suspensos.;Condutor;195.23;Estadual/Municipal/Rodoviario;209 c/c 17, § 5º da Lei 13.103/2015;5.0;Grave
77731;Entregar veiculo a pessoa sem possuir cursos especializados obrigatorios;Proprietario;293.47;Estadual/Rodoviario;163 c/c 162, VII;7.0;Gravissima
77732;Entregar veiculo a pessoa sem possuir cursos especificos obrigatorios.;Proprietario;293.47;Estadual/Rodoviario;163 c/c 162, VII;7.0;Gravissima
77811;Permitir posse e conducao do veiculo por pessoa sem possuir cursos especializados obrigatorios;Proprietario;293.47;Estadual/Rodoviario;164 c/c 162, VII;7.0;Gravissima
77812;Permitir posse e conducao do veiculo por pessoa sem possuir cursos especificos obrigatorios;Proprietario;293.47;Estadual/Rodoviario;164 c/c 162, VII;7.0;Gravissima
77650;Fugir o condutor a acao policial;Condutor;293.47;Estadual/Municipal/Rodoviario;278, § unico c/c 210;7.0;Gravissima
